{
    "minlaton, south australia": 91.56621719018457,
    "largs north, south australia": 8.823957642637865,
    "happy valley, south australia": 29.723358550245646,
    "woodcroft, south australia": 32.76230301332811,
    "maitland, south australia": 97.51409540366758,
    "northgate, south australia": 5.785436019155796,
    "mawson lakes, south australia": 1.8057923337596462,
    "belair, south australia": 21.209483223919477,
    "mclaren vale, south australia": 44.49985085390757,
    "port elliot, south australia": 80.80709309295746,
    "murray bridge, south australia": 70.60460590953662,
    "evanston, south australia": 24.91448952277646,
    "seaford, south australia": 42.53058890353079,
    "davoren park, south australia": 14.765794099172691,
    "west lakes, south australia": 11.043360299470978,
    "myrtle bank, south australia": 16.326873539507975,
    "mount barker, south australia": 36.75531192113217,
    "victor harbor, south australia": 83.12359597182835,
    "huntfield heights, south australia": 39.5669179208155,
    "goolwa, south australia": 79.05202823898811,
    "largs bay, south australia": 9.30168196861238,
    "murry bridge, south australia": 70.60460590953662,
    "christie downs, south australia": 36.88477625610664,
    "nuriootpa, south australia": 53.12028241270885,
    "walkerville, south australia": 8.802919011271198,
    "hendon, south australia": 10.810601489606526,
    "golden grove, south australia": 12.44628949947968,
    "west beach, south australia": 16.10163600061837,
    "fullarton, south australia": 16.750146419406896,
    "christies beach, south australia": 38.1463958042197,
    "semaphore park, south australia": 11.883335958814532,
    "campbelltown, south australia": 10.354336076791071,
    "north plympton, south australia": 15.69551366995506,
    "bellevue heights, south australia": 24.837677034150058,
    "seaton, south australia": 12.25126936256938,
    "ridleyton, south australia": 10.50037970602696,
    "angle park, south australia": 6.413926231745351,
    "klemzig, south australia": 8.6619001467056,
    "oaklands park, south australia": 21.51192051543439,
    "croydon, south australia": 8.68055858473329,
    "gawler east, south australia": 26.387103572641994,
    "woodside, south australia": 30.07544931859165,
    "glengowrie, south australia": 20.839837931209658,
    "leabrook, south australia": 14.835616450377357,
    "aldinga beach, south australia": 52.88483701311935,
    "tanunda, south australia": 45.80101294953866,
    "kadina, south australia": 124.05435047651808,
    "ingle farm, south australia": 4.38108080813079,
    "morphett vale, south australia": 34.264722784277204,
    "strathalbyn, south australia": 55.43434381105378,
    "glynde, south australia": 10.727025449487124,
    "encounter bay, south australia": 84.6992538001336,
    "wayville, south australia": 14.089982437450557,
    "craigmore, south australia": 16.350385486729216,
    "hove, south australia": 22.676599411055168,
    "aberfoyle park, south australia": 29.632907765959875,
    "linden park, south australia": 14.46763394275073,
    "fulham, south australia": 13.931916385995011,
    "elizabeth east, south australia": 12.723778997556407,
    "morphettville, south australia": 19.29828253630065,
    "magill, south australia": 13.416705794536256,
    "salisbury, south australia": 4.202158311072448,
    "rosewater, south australia": 7.761168593722769,
    "ridgehaven, south australia": 10.088541158245599,
    "marleston, south australia": 15.083675592750625,
    "parafield gardens, south australia": 3.6026026005043117,
    "semaphore, south australia": 10.740947412519851,
    "old reynella, south australia": 32.404409893079375,
    "lockleys, south australia": 13.294629700125807,
    "prospect, south australia": 7.5056058856775065,
    "hahndorf, south australia": 31.27922793705389,
    "westbourne park, south australia": 17.987107959104996,
    "marion, south australia": 23.12572466162702,
    "trott park, south australia": 29.059784703609758,
    "south brighton, south australia": 24.102200142374546,
    "everard park, south australia": 15.32523289319891,
    "glen osmond, south australia": 17.38884479478403,
    "glenside, south australia": 14.151508149538788,
    "paradise, south australia": 9.162583154409102,
    "hope valley, south australia": 8.918462396666037,
    "payneham, south australia": 9.618574572029534,
    "smithfield, south australia": 16.614592631071943,
    "grange, south australia": 12.889316274296428,
    "pennington, south australia": 7.52535731617917,
    "woodville, south australia": 8.326773005250311,
    "cowandilla, south australia": 13.588996445826265,
    "glenelg, south australia": 21.109811407107692
}